,year,inocme
0,2017,38803.29887
1,2018,39631.76394
2,2019,40460.22902
3,2020,41288.69409
4,2021,42117.15917
5,2022,42945.62424
6,2025,45431.01947
7,2030,49573.34485
